periodo,cantidad,monto_neto,categoria
2022-06-01,1183.0,3568882.35,Accesorios
2022-07-01,437.0,1318344.53,Accesorios
2022-08-01,1037.0,3128428.58,Accesorios
2022-09-01,341.0,1028731.12,Accesorios
2022-10-01,412.0,1242924.37,Accesorios
2022-11-01,802.0,2419478.98,Accesorios
2022-12-01,569.0,1716563.03,Accesorios
2023-01-01,363.0,1095100.84,Accesorios
2023-02-01,366.0,1104151.27,Accesorios
2023-03-01,174.0,524924.3600000001,Accesorios
2023-04-01,126.0,380117.64,Accesorios
2023-05-01,60.0,181008.41,Accesorios
2023-06-01,7.0,21117.65,Accesorios
2023-07-01,33.0,99554.61,Accesorios
2023-08-01,58.0,174974.78999999998,Accesorios
2023-09-01,32.0,96537.81,Accesorios
2023-10-01,35.0,105588.23,Accesorios
2023-11-01,0.0,0.0,Accesorios
2023-12-01,77.0,232294.12,Accesorios
2024-01-01,89.0,268495.8,Accesorios
2024-02-01,6.0,18100.84,Accesorios
2024-03-01,101.0,304697.48,Accesorios
2024-04-01,20.0,60336.13,Accesorios
2024-05-01,10.0,30168.07,Accesorios
2024-06-01,25.0,75420.16,Accesorios
2024-07-01,1.0,3016.81,Accesorios
2024-08-01,66.0,199109.24,Accesorios
2024-09-01,3.0,9050.42,Accesorios
2024-10-01,134.0,404252.11,Accesorios
2024-11-01,23.0,69386.55,Accesorios
2024-12-01,35.0,105588.23,Accesorios
2025-01-01,22.0,66369.73999999999,Accesorios
2025-02-01,53.0,159890.75,Accesorios
2025-03-01,63.0,190058.83,Accesorios
2025-04-01,24.0,72403.36,Accesorios
2025-05-01,42.0,126705.87999999999,Accesorios
2025-06-01,9.0,27151.260000000002,Accesorios
2025-07-01,9.0,27151.260000000002,Accesorios
2025-08-01,16.0,48268.91,Accesorios
2025-09-01,24.0,72403.35,Accesorios
2025-10-01,36.0,108605.04000000001,Accesorios
2025-11-01,2.0,6033.61,Accesorios
2025-12-01,15.0,45252.1,Accesorios
2026-01-01,0.0,0.0,Accesorios
2026-02-01,15.0,45252.1,Accesorios
2026-03-01,0.0,0.0,Accesorios
2026-04-01,0.0,0.0,Accesorios
2026-05-01,0.0,0.0,Accesorios
2026-06-01,0.0,0.0,Accesorios
2026-07-01,0.0,0.0,Accesorios
2024-02-01,229.0,1126058.82,Adhesivos
2024-03-01,170.0,832016.82,Adhesivos
2024-04-01,80.0,278403.37,Adhesivos
2024-05-01,42.0,333008.41,Adhesivos
2024-06-01,141.0,758310.96,Adhesivos
2024-07-01,163.0,681151.29,Adhesivos
2024-08-01,52.0,206958.00999999998,Adhesivos
2024-09-01,116.0,591546.24,Adhesivos
2024-10-01,94.0,408453.8,Adhesivos
2024-11-01,81.0,400075.64,Adhesivos
2024-12-01,86.0,541126.08,Adhesivos
2025-01-01,262.0,1544857.17,Adhesivos
2025-02-01,250.0,1400588.24,Adhesivos
2025-03-01,140.0,768319.35,Adhesivos
2025-04-01,199.0,977571.4400000001,Adhesivos
2025-05-01,74.0,471815.14,Adhesivos
2025-06-01,148.0,709848.74,Adhesivos
2025-07-01,119.0,701521.02,Adhesivos
2025-08-01,220.0,1285546.24,Adhesivos
2025-09-01,194.0,1006773.1,Adhesivos
2025-10-01,187.0,1221958.01,Adhesivos
2025-11-01,115.0,731806.7,Adhesivos
2025-12-01,186.0,1003479.0,Adhesivos
2026-01-01,224.0,1241815.15,Adhesivos
2026-02-01,140.0,812268.92,Adhesivos
2026-03-01,188.0,885815.13,Adhesivos
2026-04-01,122.0,788890.76,Adhesivos
2026-05-01,110.0,647815.13,Adhesivos
2026-06-01,19.0,127571.42,Adhesivos
2026-07-01,0.0,0.0,Adhesivos
2022-11-01,7.0,99941.17,Aislación
2022-12-01,55.0,785252.0900000001,Aislación
2023-01-01,69.0,985134.46,Aislación
2023-02-01,19.0,271268.9,Aislación
2023-03-01,19.0,271268.89,Aislación
2023-04-01,22.0,314100.83999999997,Aislación
2023-05-01,14.0,199882.34999999998,Aislación
2023-06-01,17.0,242714.29,Aislación
2023-07-01,18.0,256991.59,Aislación
2023-08-01,1.0,14277.31,Aislación
2023-09-01,1.0,14277.31,Aislación
2023-10-01,1.0,14277.31,Aislación
2023-11-01,0.0,0.0,Aislación
2023-12-01,0.0,0.0,Aislación
2024-01-01,13.0,185605.03999999998,Aislación
2024-02-01,0.0,0.0,Aislación
2024-03-01,31.0,442596.63999999996,Aislación
2024-04-01,3.0,42831.93,Aislación
2024-05-01,10.0,142773.11,Aislación
2024-06-01,1.0,14277.31,Aislación
2024-07-01,7.0,99941.17,Aislación
2024-08-01,2.0,28554.62,Aislación
2024-09-01,11.0,157050.41999999998,Aislación
2024-10-01,7.0,99941.17,Aislación
2024-11-01,5.0,71386.55,Aislación
2024-12-01,9.0,128495.79000000001,Aislación
2025-01-01,12.0,171327.72,Aislación
2025-02-01,37.0,528260.49,Aislación
2025-03-01,28.0,399764.69999999995,Aislación
2025-04-01,67.0,956579.83,Aislación
2025-05-01,201.0,2869739.49,Aislación
2025-06-01,95.0,1356344.54,Aislación
2025-07-01,0.0,0.0,Aislación
2025-08-01,0.0,0.0,Aislación
2025-09-01,0.0,0.0,Aislación
2025-10-01,0.0,0.0,Aislación
2025-11-01,0.0,0.0,Aislación
2025-12-01,0.0,0.0,Aislación
2026-01-01,0.0,0.0,Aislación
2026-02-01,0.0,0.0,Aislación
2026-03-01,0.0,0.0,Aislación
2026-04-01,0.0,0.0,Aislación
2026-05-01,0.0,0.0,Aislación
2026-06-01,0.0,0.0,Aislación
2026-07-01,0.0,0.0,Aislación
2022-06-01,25.0,75420.17,Maderas
2022-07-01,91.0,274529.41,Maderas
2022-08-01,21.0,63352.94,Maderas
2022-09-01,134.0,486605.04000000004,Maderas
2022-10-01,40.0,127394.95999999999,Maderas
2022-11-01,29.0,97571.43,Maderas
2022-12-01,1.0,4697.48,Maderas
2023-01-01,145.0,479453.77999999997,Maderas
2023-02-01,108.0,492201.68,Maderas
2023-03-01,18.0,54302.52,Maderas
2023-04-01,3.0,9050.42,Maderas
2023-05-01,23.0,71067.22,Maderas
2023-06-01,112.0,368134.44999999995,Maderas
2023-07-01,4.0,12067.23,Maderas
2023-08-01,3.0,10731.09,Maderas
2023-09-01,6.0,21462.18,Maderas
2023-10-01,68.0,226991.6,Maderas
2023-11-01,19.0,84210.08,Maderas
2023-12-01,45.0,202983.19,Maderas
2024-01-01,8.0,27495.8,Maderas
2024-02-01,21.0,63352.94,Maderas
2024-03-01,20.0,82184.88,Maderas
2024-04-01,0.0,0.0,Maderas
2024-05-01,4.0,13747.899999999998,Maderas
2024-06-01,0.0,0.0,Maderas
2024-07-01,12.0,36201.69,Maderas
2024-08-01,2.0,6033.62,Maderas
2024-09-01,7.0,21117.65,Maderas
2024-10-01,3.0,9050.42,Maderas
2024-11-01,12.0,56369.75,Maderas
2024-12-01,54.0,162907.57,Maderas
2025-01-01,24.0,72403.35,Maderas
2025-02-01,22.0,66369.73999999999,Maderas
2025-03-01,42.0,197294.12,Maderas
2025-04-01,12.0,46285.71,Maderas
2025-05-01,0.0,0.0,Maderas
2025-06-01,3.0,9050.42,Maderas
2025-07-01,2.0,6033.61,Maderas
2025-08-01,0.0,0.0,Maderas
2025-09-01,0.0,0.0,Maderas
2025-10-01,0.0,0.0,Maderas
2025-11-01,0.0,0.0,Maderas
2025-12-01,0.0,0.0,Maderas
2026-01-01,0.0,0.0,Maderas
2026-02-01,0.0,0.0,Maderas
2026-03-01,0.0,0.0,Maderas
2026-04-01,0.0,0.0,Maderas
2026-05-01,0.0,0.0,Maderas
2026-06-01,0.0,0.0,Maderas
2026-07-01,0.0,0.0,Maderas
2022-12-01,590.0,8919411.75,Paneles exteriores
2023-01-01,871.0,13167470.59,Paneles exteriores
2023-02-01,223.0,3371235.32,Paneles exteriores
2023-03-01,140.0,2116470.59,Paneles exteriores
2023-04-01,1623.0,24535941.19,Paneles exteriores
2023-05-01,795.0,12018529.42,Paneles exteriores
2023-06-01,1009.0,15253705.870000001,Paneles exteriores
2023-07-01,624.0,9433411.75,Paneles exteriores
2023-08-01,622.0,9403176.48,Paneles exteriores
2023-09-01,470.0,7105294.14,Paneles exteriores
2023-10-01,658.0,9947411.76,Paneles exteriores
2023-11-01,1276.0,19290117.66,Paneles exteriores
2023-12-01,1225.0,18519117.64,Paneles exteriores
2024-01-01,920.0,13908235.31,Paneles exteriores
2024-02-01,1353.0,20454176.48,Paneles exteriores
2024-03-01,1056.0,15964235.31,Paneles exteriores
2024-04-01,657.0,9932294.13,Paneles exteriores
2024-05-01,1718.0,25972117.62,Paneles exteriores
2024-06-01,419.0,6334294.1,Paneles exteriores
2024-07-01,343.0,5185352.9399999995,Paneles exteriores
2024-08-01,839.0,12683705.89,Paneles exteriores
2024-09-01,207.0,3129352.94,Paneles exteriores
2024-10-01,399.0,6031941.16,Paneles exteriores
2024-11-01,220.0,3325882.38,Paneles exteriores
2024-12-01,794.0,12003411.77,Paneles exteriores
2025-01-01,441.0,6666882.35,Paneles exteriores
2025-02-01,722.0,10914941.18,Paneles exteriores
2025-03-01,528.0,7982117.66,Paneles exteriores
2025-04-01,128.0,1935058.84,Paneles exteriores
2025-05-01,74.0,1118705.8800000001,Paneles exteriores
2025-06-01,366.0,5533058.82,Paneles exteriores
2025-07-01,252.0,3809647.06,Paneles exteriores
2025-08-01,324.0,4898117.66,Paneles exteriores
2025-09-01,361.0,5459991.61,Paneles exteriores
2025-10-01,468.0,7141445.36,Paneles exteriores
2025-11-01,642.0,9705529.42,Paneles exteriores
2025-12-01,639.0,9660176.48,Paneles exteriores
2026-01-01,787.0,11897588.22,Paneles exteriores
2026-02-01,696.0,10581546.22,Paneles exteriores
2026-03-01,883.0,13503084.02,Paneles exteriores
2026-04-01,392.0,5933680.65,Paneles exteriores
2026-05-01,139.0,2128243.69,Paneles exteriores
2026-06-01,322.0,4977966.39,Paneles exteriores
2026-07-01,0.0,0.0,Paneles exteriores
2023-12-01,109.0,548663.87,Paneles interiores
2024-01-01,981.0,4937974.82,Paneles interiores
2024-02-01,904.0,4550386.56,Paneles interiores
2024-03-01,114.0,573831.94,Paneles interiores
2024-04-01,219.0,1102361.35,Paneles interiores
2024-05-01,528.0,2657747.91,Paneles interiores
2024-06-01,926.0,4661126.04,Paneles interiores
2024-07-01,1016.0,5114151.28,Paneles interiores
2024-08-01,420.0,2114117.66,Paneles interiores
2024-09-01,255.0,1283571.43,Paneles interiores
2024-10-01,403.0,2028546.2,Paneles interiores
2024-11-01,142.0,714773.11,Paneles interiores
2024-12-01,274.0,1379210.06,Paneles interiores
2025-01-01,942.0,4741663.87,Paneles interiores
2025-02-01,916.0,4610789.96,Paneles interiores
2025-03-01,468.0,2355731.11,Paneles interiores
2025-04-01,573.0,2884260.5,Paneles interiores
2025-05-01,163.0,820478.99,Paneles interiores
2025-06-01,519.0,2612445.39,Paneles interiores
2025-07-01,578.0,2909428.57,Paneles interiores
2025-08-01,991.0,4988310.9,Paneles interiores
2025-09-01,905.0,4555420.17,Paneles interiores
2025-10-01,1065.0,5360798.3,Paneles interiores
2025-11-01,755.0,3800378.19,Paneles interiores
2025-12-01,574.0,2889294.14,Paneles interiores
2026-01-01,1182.0,5949731.12,Paneles interiores
2026-02-01,577.0,2904394.97,Paneles interiores
2026-03-01,839.0,4223201.65,Paneles interiores
2026-04-01,791.0,3981588.22,Paneles interiores
2026-05-01,475.0,2390966.37,Paneles interiores
2026-06-01,90.0,453025.21,Paneles interiores
2026-07-01,0.0,0.0,Paneles interiores
2024-05-01,113.0,473840.33,Perfiles y terminaciones
2024-06-01,1550.0,834926.89,Perfiles y terminaciones
2024-07-01,1621.0,762252.95,Perfiles y terminaciones
2024-08-01,1306.0,319049.58999999997,Perfiles y terminaciones
2024-09-01,523.0,312918.48,Perfiles y terminaciones
2024-10-01,841.0,305705.87,Perfiles y terminaciones
2024-11-01,724.0,539781.52,Perfiles y terminaciones
2024-12-01,714.0,594473.94,Perfiles y terminaciones
2025-01-01,1829.0,748723.55,Perfiles y terminaciones
2025-02-01,1803.0,1428804.2,Perfiles y terminaciones
2025-03-01,1020.0,762400.84,Perfiles y terminaciones
2025-04-01,1590.0,789277.28,Perfiles y terminaciones
2025-05-01,410.0,354412.6,Perfiles y terminaciones
2025-06-01,728.0,250574.81,Perfiles y terminaciones
2025-07-01,1410.0,920218.51,Perfiles y terminaciones
2025-08-01,3295.0,1440769.78,Perfiles y terminaciones
2025-09-01,2466.0,1380076.43,Perfiles y terminaciones
2025-10-01,2674.0,2433428.54,Perfiles y terminaciones
2025-11-01,2726.0,2698369.73,Perfiles y terminaciones
2025-12-01,1702.0,2142119.33,Perfiles y terminaciones
2026-01-01,3786.0,5111436.14,Perfiles y terminaciones
2026-02-01,2225.0,3058609.25,Perfiles y terminaciones
2026-03-01,2315.0,1933827.71,Perfiles y terminaciones
2026-04-01,2119.0,1392374.76,Perfiles y terminaciones
2026-05-01,1145.0,1038701.67,Perfiles y terminaciones
2026-06-01,271.0,1394242.83,Perfiles y terminaciones
2026-07-01,0.0,0.0,Perfiles y terminaciones
2022-06-01,431.0,12740939.49,Pisos SPC
2022-07-01,237.0,7006038.64,Pisos SPC
2022-08-01,66.0,1951048.74,Pisos SPC
2022-09-01,39.0,1152892.44,Pisos SPC
2022-10-01,420.0,12415764.69,Pisos SPC
2022-11-01,153.0,4522885.7,Pisos SPC
2022-12-01,112.0,3310870.57,Pisos SPC
2023-01-01,202.0,5971391.6,Pisos SPC
2023-02-01,174.0,5143673.9399999995,Pisos SPC
2023-03-01,311.0,9193578.15,Pisos SPC
2023-04-01,234.0,6917354.59,Pisos SPC
2023-05-01,296.0,8750158.0,Pisos SPC
2023-06-01,99.0,2926573.11,Pisos SPC
2023-07-01,77.0,2276223.54,Pisos SPC
2023-08-01,141.0,4168149.57,Pisos SPC
2023-09-01,71.0,2098855.45,Pisos SPC
2023-10-01,150.0,4434201.67,Pisos SPC
2023-11-01,30.0,886840.33,Pisos SPC
2023-12-01,49.0,1448505.88,Pisos SPC
2024-01-01,134.0,3961220.15,Pisos SPC
2024-02-01,556.5,16450888.21,Pisos SPC
2024-03-01,148.0,4375078.97,Pisos SPC
2024-04-01,151.0,4463763.01,Pisos SPC
2024-05-01,54.0,1596312.6099999999,Pisos SPC
2024-06-01,343.0,10139541.15,Pisos SPC
2024-07-01,127.0,3754290.74,Pisos SPC
2024-08-01,82.0,2424030.24,Pisos SPC
2024-09-01,24.0,709472.27,Pisos SPC
2024-10-01,0.0,0.0,Pisos SPC
2024-11-01,124.0,3665606.71,Pisos SPC
2024-12-01,133.0,3931658.8200000003,Pisos SPC
2025-01-01,73.0,2157978.14,Pisos SPC
2025-02-01,182.0,5380164.69,Pisos SPC
2025-03-01,107.0,3163063.85,Pisos SPC
2025-04-01,130.0,3842974.79,Pisos SPC
2025-05-01,58.0,1714557.97,Pisos SPC
2025-06-01,104.0,3074379.83,Pisos SPC
2025-07-01,221.0,6533057.12,Pisos SPC
2025-08-01,210.0,6207882.34,Pisos SPC
2025-09-01,142.0,4197710.91,Pisos SPC
2025-10-01,250.0,7390336.13,Pisos SPC
2025-11-01,478.0,14130322.69,Pisos SPC
2025-12-01,148.0,4375078.97,Pisos SPC
2026-01-01,38.0,1123331.1,Pisos SPC
2026-02-01,343.0,10139541.18,Pisos SPC
2026-03-01,340.0,10050857.14,Pisos SPC
2026-04-01,219.0,6473934.44,Pisos SPC
2026-05-01,270.0,7981563.000000001,Pisos SPC
2026-06-01,65.0,1921487.39,Pisos SPC
2026-07-01,0.0,0.0,Pisos SPC
2023-12-01,14.0,376352.94,Revestimientos murales
2024-01-01,242.0,6912252.11,Revestimientos murales
2024-02-01,327.0,9340109.25,Revestimientos murales
2024-03-01,186.0,5312722.73,Revestimientos murales
2024-04-01,41.0,1100495.81,Revestimientos murales
2024-05-01,374.0,10447277.370000001,Revestimientos murales
2024-06-01,293.0,8286613.51,Revestimientos murales
2024-07-01,328.0,9368672.34,Revestimientos murales
2024-08-01,116.0,2796504.24,Revestimientos murales
2024-09-01,235.0,6384579.9,Revestimientos murales
2024-10-01,214.0,5579714.35,Revestimientos murales
2024-11-01,276.0,7170789.96,Revestimientos murales
2024-12-01,536.0,13393815.16,Revestimientos murales
2025-01-01,491.0,13332848.78,Revestimientos murales
2025-02-01,422.0,11012420.22,Revestimientos murales
2025-03-01,296.0,8384067.29,Revestimientos murales
2025-04-01,252.0,6494521.05,Revestimientos murales
2025-05-01,187.0,5188344.59,Revestimientos murales
2025-06-01,297.0,6963050.47,Revestimientos murales
2025-07-01,336.0,8434991.66,Revestimientos murales
2025-08-01,405.0,10265504.22,Revestimientos murales
2025-09-01,335.0,8395504.25,Revestimientos murales
2025-10-01,805.0,21309201.8,Revestimientos murales
2025-11-01,422.0,10253596.66,Revestimientos murales
2025-12-01,408.0,10689008.47,Revestimientos murales
2026-01-01,451.0,11933184.94,Revestimientos murales
2026-02-01,256.0,6634823.56,Revestimientos murales
2026-03-01,262.0,6432252.17,Revestimientos murales
2026-04-01,272.0,7141411.79,Revestimientos murales
2026-05-01,195.0,5315168.14,Revestimientos murales
2026-06-01,24.0,685512.64,Revestimientos murales
2026-07-01,0.0,0.0,Revestimientos murales
2022-06-01,307.0,5829352.93,Terciados
2022-07-01,876.0,16685075.620000001,Terciados
2022-08-01,404.0,7628537.8,Terciados
2022-09-01,504.0,9456268.9,Terciados
2022-10-01,461.0,8766714.28,Terciados
2022-11-01,523.0,9972915.97,Terciados
2022-12-01,655.0,12329789.88,Terciados
2023-01-01,562.0,10472588.22,Terciados
2023-02-01,396.0,7380705.899999999,Terciados
2023-03-01,233.0,4350142.87,Terciados
2023-04-01,76.0,1406924.36,Terciados
2023-05-01,60.0,1137310.93,Terciados
2023-06-01,9.0,167991.60000000003,Terciados
2023-07-01,6.0,111714.28,Terciados
2023-08-01,45.0,855924.36,Terciados
2023-09-01,29.0,550176.48,Terciados
2023-10-01,43.0,828210.08,Terciados
2023-11-01,226.0,4337596.63,Terciados
2023-12-01,323.0,6130058.83,Terciados
2024-01-01,685.0,12896764.69,Terciados
2024-02-01,1007.0,18990697.5,Terciados
2024-03-01,750.0,13785294.13,Terciados
2024-04-01,97.0,1792462.1800000002,Terciados
2024-05-01,76.0,1459025.21,Terciados
2024-06-01,174.0,3293495.8,Terciados
2024-07-01,173.0,3276697.49,Terciados
2024-08-01,159.0,3005386.54,Terciados
2024-09-01,111.0,2122596.64,Terciados
2024-10-01,0.0,0.0,Terciados
2024-11-01,353.0,6721403.37,Terciados
2024-12-01,51.0,944109.24,Terciados
2025-01-01,96.0,1829445.36,Terciados
2025-02-01,322.0,6098134.45,Terciados
2025-03-01,200.0,3818487.39,Terciados
2025-04-01,95.0,1705084.04,Terciados
2025-05-01,54.0,997865.53,Terciados
2025-06-01,70.0,1288487.4000000001,Terciados
2025-07-01,19.0,333453.77999999997,Terciados
2025-08-01,19.0,325050.43,Terciados
2025-09-01,37.0,652630.27,Terciados
2025-10-01,253.0,5035689.07,Terciados
2025-11-01,489.0,9774882.34,Terciados
2025-12-01,259.0,5206226.89,Terciados
2026-01-01,244.0,4918957.98,Terciados
2026-02-01,384.0,7539630.25,Terciados
2026-03-01,129.0,2573705.86,Terciados
2026-04-01,19.0,338495.8,Terciados
2026-05-01,15.0,265420.17,Terciados
2026-06-01,0.0,0.0,Terciados
2026-07-01,1.0,17638.66,Terciados
